artigo,secao_artigo,pergunta,resposta_gabarito,resposta_rag,n_chunks_recuperados,faithfulness,answer_relevancy,context_precision,context_recall,faithfulness_reasoning,answer_relevancy_reasoning,context_precision_reasoning,context_recall_reasoning
tecnica difração cônica.pdf,[Seção 2 - Material and methods / Equação 1],Qual é a equação que relaciona o parâmetro β com as propriedades ópticas e térmicas do solvente na técnica de difração cônica e o que representa cada termo?,"O parâmetro β é dado por β = φLeff/(2πKλ) × (dn/dT), onde φ é a eficiência quântica não radiativa (fração da energia absorvida convertida em calor), Leff = (1−exp(−αL))/α é o comprimento efetivo, K é a condutividade térmica do solvente, λ é o comprimento de onda de excitação e dn/dT é o coeficiente termo-óptico. O número de anéis N segue a relação N = βPe, sendo Pe a potência do laser.","A equação que relaciona o parâmetro β com as propriedades ópticas e térmicas do solvente na técnica de difração cônica é apresentada no [Trecho 10 | Fonte: tecnica difração cônica.pdf] como:

$\beta = \frac{\alpha \pi L_{eff}}{K} \left( \frac{dn}{dT} \right)$

Onde:
*   **$\beta$**: Representa o parâmetro obtido a partir da inclinação das curvas de ajuste linear dos resultados da difração cônica (CD).
*   **$\alpha$**: É o coeficiente de absorção óptica na região do comprimento de onda de excitação ($\lambda$).
*   **$L_{eff}$**: É o comprimento efetivo da amostra, calculado como $(1-exp(-\alpha L))/\alpha$, onde $L$ é a espessura da amostra.
*   **$K$**: É a condutividade térmica (em W cm$^{-1}$ K$^{-1}$).
*   **$dn/dT$**: É o coeficiente termo-óptico, que representa a variação do índice de refração com a temperatura.",20,0.8,1.0,1.0,0.8,"A resposta apresenta uma fórmula ligeiramente incorreta para o parâmetro beta, omitindo o fator 2π e o comprimento de onda.","A resposta fornece a equação solicitada e explica cada um dos seus termos, correspondendo integralmente à pergunta.","Os trechos recuperados, especialmente o trecho 10, contêm a informação necessária para responder à pergunta sobre a equação e seus termos.","O contexto recuperado contém a maior parte da informação necessária, mas a fórmula para beta não está exatamente como no gabarito, faltando o fator 2π e o comprimento de onda."
tecnica difração cônica.pdf,[Seção 3 - Results and discussion / Tabela 3],De acordo com a Tabela 3 do artigo quais são os valores do rendimento quântico η e do parâmetro ηa obtidos para o derivado de vitamina B6 em DMSO pela técnica NCD?,"Para o derivado de vitamina B6 em DMSO os valores obtidos foram η = 0,75 ± 0,02 e ηa = 0,71.","De acordo com a Tabela 3 do artigo ""tecnica difração cônica.pdf"", os valores obtidos para o derivado de vitamina B6 em DMSO utilizando a técnica NCD são:

*   **η:** 0.75 ± 0.02
*   **ηa:** 0.71",20,1.0,1.0,1.0,1.0,A resposta extrai diretamente os valores corretos de η e ηa presentes na Tabela 3 do contexto recuperado.,A resposta aborda diretamente a pergunta sobre os valores de η e ηa para o derivado de vitamina B6 em DMSO pela técnica NCD.,"O Trecho 1, que contém a Tabela 3, é altamente relevante e fornece os dados exatos necessários para responder à pergunta.","O contexto recuperado contém a Tabela 3 com os valores exatos de η e ηa para o derivado de vitamina B6 em DMSO, permitindo a formulação da resposta correta."
tecnica difração cônica.pdf,[Seção 2 - Material and methods / configuração da cubeta],Por que a cubeta deve ser posicionada horizontalmente no setup experimental da técnica de difração cônica e qual é o efeito observado quando posicionada verticalmente?,A cubeta deve ser posicionada horizontalmente para evitar efeitos de convecção térmica dentro da amostra. Na posição vertical o fluxo de convecção distorce o padrão de frente de onda transmitida resultando em anéis não concêntricos no campo distante. Na posição horizontal a convecção é negligenciável e os anéis observados são bem concêntricos.,"Para evitar efeitos de convecção na solução, a cubeta deve ser posicionada horizontalmente no setup experimental da técnica de difração cônica (Fonte: tecnica difração cônica.pdf).

Quando a cubeta é posicionada verticalmente, o padrão de campo distante observado consiste em um conjunto de anéis distorcidos que não são concêntricos (Fonte: tecnica difração cônica.pdf). Este efeito pode ser atribuído ao fluxo de convecção da solução dentro da cubeta, o que pode levar a distorções na frente de onda transmitida (Fonte: tecnica difração cônica.pdf). Em contraste, para uma cubeta horizontal com um comprimento de percurso curto, qualquer convecção pode ser desprezada, e os anéis observados na posição de campo distante são bem concêntricos (Fonte: tecnica difração cônica.pdf).",20,1.0,1.0,1.0,1.0,"A resposta utiliza apenas informações contidas nos trechos de contexto fornecidos, sem introduzir dados externos.",A resposta aborda completamente as duas partes da pergunta sobre o posicionamento da cubeta e seus efeitos.,Todos os trechos recuperados são diretamente relevantes para explicar o posicionamento da cubeta e os efeitos observados na técnica de difração cônica.,"O contexto recuperado contém todas as informações necessárias para responder integralmente à pergunta, detalhando a razão do posicionamento horizontal e os resultados da posição vertical."
tecnica difração cônica.pdf,[Seção 3 - Results and discussion / Tabela 2],De acordo com a Tabela 2 do artigo qual é o valor da condutividade térmica K obtido para a água usando tinta azul-preta como amostra não fluorescente e qual é o erro percentual?,"O valor da condutividade térmica K obtido para a água é de 0,589 W/mK com erro de 2%.","De acordo com a Tabela 2 do artigo ""tecnica difração cônica.pdf"", o valor da condutividade térmica K obtido para a água usando tinta azul-preta como amostra não fluorescente é **0.589 W/m K**, com um erro percentual de **2%** (técnica difração cônica.pdf).",20,1.0,1.0,1.0,1.0,A resposta utiliza exclusivamente informações extraídas dos trechos contextuais fornecidos.,"A resposta aborda diretamente todos os pontos da pergunta, fornecendo o valor de K e o erro percentual.",Os trechos recuperados contêm explicitamente a Tabela 2 e as informações solicitadas sobre a condutividade térmica da água.,"O contexto recuperado inclui a Tabela 2, que detalha os resultados para a água, incluindo o valor de K e o erro percentual."
tecnica difração cônica.pdf,[Seção 4 - Conclusions / técnica NCD],O que é a técnica NCD (Normalized Conical Diffraction) e qual é sua principal vantagem em relação à técnica CD convencional?,A técnica NCD utiliza uma amostra de referência não fluorescente (φ=1) diluída no mesmo solvente da amostra de interesse para normalizar as medidas por meio da Equação 3. Sua principal vantagem é que não é necessário conhecer previamente o coeficiente termo-óptico (dn/dT) nem a condutividade térmica (K) do solvente para determinar o rendimento quântico η.,"A técnica NCD, ou Normalized Conical Diffraction (Difração Cônica Normalizada), é uma implementação da técnica de Difração Cônica (CD) que utiliza uma amostra de referência não fluorescente. [Trecho 3 | Fonte: tecnica difração cônica.pdf]

A principal vantagem da técnica NCD em relação à técnica CD convencional é que ela não requer o conhecimento prévio dos parâmetros termo-ópticos (dn/dT) e de condutividade térmica (K) do solvente. [Trecho 3, 11 | Fonte: tecnica difração cônica.pdf] Isso simplifica o processo de determinação do rendimento quântico (η), pois elimina a necessidade de medições adicionais desses parâmetros. [Trecho 3, 11 | Fonte: tecnica difração cônica.pdf]",20,1.0,1.0,1.0,1.0,A resposta utiliza exclusivamente informações presentes nos trechos de contexto fornecidos.,"A resposta aborda diretamente a definição da técnica NCD e sua principal vantagem em relação à CD convencional, conforme solicitado na pergunta.","Os trechos recuperados contêm informações claras e diretas sobre a técnica NCD, sua relação com a CD e sua vantagem principal.","O contexto recuperado fornece todas as informações necessárias para responder completa e precisamente à pergunta, incluindo a definição e a principal vantagem da técnica NCD."
PCA.pdf,[Seção 2.2 - PCA model construction],Qual software e pacotes foram utilizados para construir o modelo PCA neste estudo e qual foi o primeiro passo do processo de construção do modelo?,O modelo PCA foi construído usando o software R no ambiente de programação Rstudio com os pacotes FactoMineR e Factoextra para obter a matriz de covariância e a distribuição de variância. O primeiro passo foi a padronização dos dados subtraindo a média aritmética e dividindo pelo desvio padrão de cada variável garantindo que todas as variáveis contribuíssem igualmente para a análise.,"O software utilizado para construir o modelo PCA foi o R, dentro do ambiente de programação Rstudio. Os pacotes empregados foram FactoMineR e Factoextra. O primeiro passo na construção do modelo PCA foi a padronização dos dados originais (PCA.pdf).",20,1.0,1.0,1.0,1.0,"A resposta extraiu as informações diretamente dos trechos fornecidos, sem adicionar detalhes externos.","A resposta abordou ambas as partes da pergunta: o software e pacotes utilizados, e o primeiro passo do processo.","Todos os trechos recuperados contêm informações diretamente relacionadas ao software, pacotes e ao passo inicial da construção do modelo PCA.",O contexto recuperado contém todas as informações necessárias para responder completamente à pergunta e ao gabarito.
PCA.pdf,[Seção 3 - Results / dois primeiros PCs],"Qual é o percentual de variância explicado pelos dois primeiros componentes principais (PC1 e PC2) no modelo PCA dos derivados de imidazo[4,5-b]piridina?","Os dois primeiros componentes principais explicam coletivamente 93% da variância total com o PC1 respondendo por 80,2% e o PC2 por 13,6% da variância.","Os dois primeiros componentes principais (PC1 e PC2) explicam coletivamente 93% da variância nos dados. O primeiro componente principal (PC1) explica 80,2% da variância, e o segundo componente principal (PC2) explica 13,6% da variância. (PCA.pdf, p. 3)",20,1.0,1.0,1.0,1.0,"A resposta extrai exatamente os valores percentuais de variância explicada pelo PC1 e PC2 e a variância total explicada pelos dois, conforme apresentado no Trecho 3.",A resposta aborda diretamente a pergunta sobre o percentual de variância explicado pelos dois primeiros componentes principais.,"O Trecho 3 contém a informação exata sobre a variância explicada pelos dois primeiros componentes principais, que é o foco da pergunta.","O contexto recuperado, especificamente o Trecho 3, contém todos os valores numéricos necessários para responder à pergunta com precisão."
PCA.pdf,[Seção 2.2 - PCA model construction / padronização],Por que a padronização dos dados com média zero e desvio padrão unitário foi necessária antes de aplicar a PCA neste estudo?,A padronização foi necessária porque as variáveis do conjunto de dados possuem diferentes unidades e escalas. Sem ela a PCA seria dominada pelas variáveis com maiores magnitudes numéricas prejudicando a identificação correta dos componentes principais. A padronização garante que todas as variáveis contribuam igualmente para a análise.,"A padronização dos dados foi necessária antes de aplicar a Análise de Componentes Principais (PCA) porque as variáveis no conjunto de dados possuíam diferentes unidades e escalas (PCA.pdf). Este procedimento assegura que todas as variáveis contribuam igualmente para a análise, transformando o conjunto de dados para ter uma média de zero e um desvio padrão de um (PCA.pdf). Em um conjunto de dados não padronizado, os componentes principais (PCs) são identificados com base nas direções de maior variação (variância máxima), e o cálculo dos PCs poderia ser influenciado pela variável com a maior magnitude (PCA.pdf). A padronização é essencial porque os componentes principais são identificados com base nas direções de maior variação (PCA.pdf).",20,1.0,1.0,1.0,1.0,A resposta utiliza exclusivamente informações presentes nos trechos de contexto fornecidos.,A resposta aborda diretamente a pergunta sobre a necessidade de padronização antes da PCA e explica o porquê de forma completa.,Todos os trechos recuperados contêm informações diretamente relacionadas à padronização de dados para PCA e suas razões.,O contexto recuperado fornece todas as informações necessárias para explicar a necessidade de padronização dos dados com média zero e desvio padrão unitário antes da aplicação da PCA.
PCA.pdf,[Seção 2.2 - PCA model construction / Score e Loading plots],O que são o Score plot e o Loading plot na análise PCA e qual informação cada um fornece?,O Score plot mostra a distribuição espacial das amostras (moléculas) no espaço dos componentes principais indicando distâncias relativas e agrupamentos entre grupos como A-Imp-A e A-Imp-D. O Loading plot (gráfico de cos²θ) mostra a correlação entre as variáveis descritoras em termos da relação angular entre elas no espaço dos componentes permitindo identificar quais variáveis mais contribuem para cada componente principal.,"O Score plot e o Loading plot são ferramentas utilizadas na análise PCA (Principal Component Analysis) para interpretar os resultados (PCA.pdf).

*   **Score plot**: Este gráfico exibe a distribuição espacial dos indivíduos no espaço dos componentes. Ele indica a distância de cada observação em relação aos eixos primários (PCA.pdf). Em outras palavras, o Score plot mostra como as amostras (ou ""indivíduos"") se agrupam ou se separam com base nos componentes principais, revelando padrões de similaridade ou dissimilaridade entre elas (PCA.pdf). Ele pode ser utilizado para categorizar e agrupar os derivados de imidazopiridina com base em sua estrutura eletrônica, separando-os em grupos como A-Imp-A e A-Imp-D (PCA.pdf).

*   **Loading plot**: Este gráfico, também conhecido como ""cos²(θ) plot"", permite observar a correlação entre as variáveis descritoras em termos da relação angular entre elas. Ele ajuda a identificar quais variáveis são essenciais na construção dos componentes principais e a observar a correlação entre os parâmetros fotoquímicos (PCA.pdf). O Loading plot pode mostrar que a maioria das variáveis descritoras estão altamente correlacionadas e orientadas na mesma direção dos eixos dos componentes principais (PCA.pdf). Além disso, ele pode filtrar variáveis que contribuem menos para a variabilidade total dos dados, destacando as mais influentes na construção dos componentes principais (PCA.pdf). O Loading plot também pode descrever o espectro de seção transversal de absorção de dois fótons (2 PA) no espaço dos componentes (PCA.pdf).",20,1.0,1.0,1.0,1.0,A resposta utiliza exclusivamente informações presentes nos trechos recuperados do contexto.,A resposta aborda completamente a pergunta sobre o Score plot e o Loading plot na análise PCA e as informações que cada um fornece.,Todos os trechos recuperados são diretamente relevantes para explicar o Score plot e o Loading plot na análise PCA.,O contexto recuperado contém todas as informações necessárias para construir uma resposta completa e precisa que coincide com o gabarito.
PCA.pdf,[Seção 3 - Results / regressão linear PCA e grupos A-Imp-A vs A-Imp-D],De acordo com o modelo de regressão linear PCA qual grupo de compostos (A-Imp-A ou A-Imp-D) apresenta maior influência do PC1 nos valores de seção transversal de 2PA e qual é a implicação desse resultado?,As moléculas do grupo A-Imp-D apresentam maior influência do PC1 nos valores de σ2PA com correlação positiva mais forte. Isso indica que variáveis altamente correlacionadas com o PC1 como o momento de dipolo de transição (μ₀₁) a mudança de dipolo permanente (Δμ₀₁) e o deslocamento de Stokes normalizado pelo fator de Onsager (Δν/ΔF) têm maior impacto no σ2PA desse grupo. Para as moléculas A-Imp-A o PC2 tem maior influência sendo dominado por μ₀₂ e pelo rendimento quântico de fluorescência (φf).,"De acordo com o modelo de regressão linear PCA, o grupo A-Imp-D apresenta maior influência do PC1 nos valores de seção transversal de 2PA (2 PACS). Esta observação é consistente com as moléculas do grupo A-Imp-D exibindo valores de 2 PACS mais elevados (PCA.pdf, Relevância: 0.835). Por outro lado, para as amostras do grupo A-Imp-A, o PC2 domina sobre o PC1, com maior influência (PCA.pdf, Relevância: 0.834).",20,1.0,0.7,1.0,0.6,A resposta se baseia inteiramente nas informações fornecidas nos trechos do contexto recuperado.,"A resposta aborda a influência do PC1 e PC2 nos grupos A-Imp-D e A-Imp-A, mas não detalha a implicação desse resultado como especificado no gabarito.",Todos os trechos recuperados contêm informações relevantes sobre a análise PCA e a influência dos componentes principais nos grupos de compostos.,"O contexto contém informações sobre a influência do PC1 e PC2 nos grupos A-Imp-D e A-Imp-A, mas não especifica detalhadamente as variáveis correlacionadas com o PC1 nem a implicação completa para o grupo A-Imp-D como no gabarito."
2020_Two-Photon Emissive Dyes Based on Push−Pull Purines Derivatives.pdf,[Seção II.2 - Linear and Nonlinear Optical Measurements / solventes e Z-scan],Quais solventes foram utilizados para dissolver os compostos estudados e qual técnica foi usada para medir a seção transversal de absorção de dois fótons (σ2PA)?,Os compostos 3a a 3g foram dissolvidos em diclorometano (DCM) enquanto os compostos 7a e 7b foram dissolvidos em dimetilsulfóxido (DMSO). A seção transversal de absorção de dois fótons foi medida usando a técnica Z-scan de abertura aberta (open-aperture Z-scan) com um laser de femtossegundos sintonizável.,"Os solventes utilizados para dissolver os compostos estudados foram diclorometano (DCM) para os compostos de 3a a 3g, e dimetil sulfóxido (DMSO) para os compostos 7a e 7b (2020_Two-Photon Emissive Dyes Based on Push−Pull Purines Derivatives.pdf).

A técnica usada para medir a seção transversal de absorção de dois fótons (σ2PA) foi a Z-scan (2020_Two-Photon Emissive Dyes Based on Push−Pull Purines Derivatives.pdf). Além disso, foram realizadas medidas de espectros de absorção de dois fótons simulados e experimentais em meios solventes (2020_Two-Photon Emissive Dyes Based on Push−Pull Purines Derivatives.pdf).",20,1.0,1.0,1.0,1.0,A resposta utiliza apenas informações presentes nos trechos de contexto fornecidos.,A resposta aborda completamente ambas as partes da pergunta sobre solventes e a técnica de medição da seção transversal de absorção de dois fótons.,Todos os trechos de contexto recuperados contêm informações diretamente relevantes para responder à pergunta sobre solventes e a técnica Z-scan.,O contexto recuperado fornece explicitamente os nomes dos solventes (DCM e DMSO) e menciona a técnica Z-scan para a medição da seção transversal de absorção de dois fótons.
2020_Two-Photon Emissive Dyes Based on Push−Pull Purines Derivatives.pdf,[Seção II.2 - Linear Optical Measurements / Tabela 1 / φf],Quais são os valores do rendimento quântico de fluorescência (φf) dos compostos 3b e 7b e o que esses valores indicam sobre o caráter emissivo desses compostos?,O composto 3b apresenta φf = 81% e o composto 7b apresenta φf = 99%. Esses altos valores indicam que ambos são altamente emissivos com decaimento predominantemente radiativo (kr >> knr) sendo candidatos promissores como biossondas fotoluminescentes ativadas por absorção de dois fótons.,"Os valores do rendimento quântico de fluorescência (ϕf) para os compostos 3b e 7b não foram explicitamente mencionados nos trechos recuperados. No entanto, o [Trecho 12 | Fonte: 2020_Two-Photon Emissive Dyes Based on Push−Pull Purines Derivatives.pdf] apresenta uma tabela com valores de ϕf para vários compostos, incluindo 3b e 7b. Para o composto 3b, o valor de ϕf é de 72.0%. Para o composto 7b, o valor de ϕf é de 99%.

De acordo com o [Trecho 8 | Fonte: 2020_Two-Photon Emissive Dyes Based on Push−Pull Purines Derivatives.pdf], para um composto ser considerado uma promissora biossonda, é fundamental ter um alto rendimento quântico de fluorescência (ϕf). O mesmo trecho menciona que todos os compostos estudados apresentaram valores de ϕf acima de 60%, o que é um bom indicativo do seu caráter emissivo. O [Trecho 2 | Fonte: 2020_Two-Photon Emissive Dyes Based on Push−Pull Purines Derivatives.pdf] também destaca que um alto valor de ϕf é importante para uma biossonda.

Portanto, os valores de 72.0% para o composto 3b e 99% para o composto 7b indicam que ambos os compostos possuem um bom caráter emissivo, sendo o composto 7b particularmente notável por seu rendimento quântico de fluorescência extremamente alto.",20,0.7,1.0,0.8,0.8,"A resposta cita valores de phi_f para os compostos 3b e 7b que estão presentes no Trecho 12, mas interpreta os valores de forma ligeiramente incorreta para o composto 3b e ignora um valor de phi_f mais preciso para 3b presente em outra parte do contexto.",A resposta aborda diretamente os valores de rendimento quântico de fluorescência (phi_f) para os compostos 3b e 7b e o que eles indicam sobre o caráter emissivo.,"A maioria dos trechos recuperados é relevante, pois discute rendimento quântico de fluorescência, compostos emissivos e biossondas, mas alguns trechos são menos diretamente aplicáveis.","O contexto contém a maioria das informações necessárias, incluindo os valores de phi_f e explicações sobre o caráter emissivo, mas a resposta não extraiu o valor mais preciso para 3b e a interpretação inicial do que os valores indicam poderia ser mais robusta."
2020_Two-Photon Emissive Dyes Based on Push−Pull Purines Derivatives.pdf,[Seção III - Conclusions / comparação com 2AP e janela terapêutica],Por que os espectros de 2PA das purinas push-pull estudadas apresentam redshift em relação à 2-aminopurina (2AP) e qual é a relevância desse deslocamento para aplicações biomédicas?,"O redshift ocorre porque a adição de grupos push-pull e do linker estirila à estrutura da purina aumenta o comprimento de conjugação π e o caráter dipolar das moléculas reduzindo a energia dos estados excitados. Enquanto as bandas de 2PA da 2AP estão centradas entre 600 e 650 nm as das purinas derivadas estão em 700–800 nm (1,77–1,55 eV) coincidindo com a janela terapêutica de penetração óptica em tecidos biológicos o que as torna mais adequadas para bioimagem por microscopia de dois fótons.","Os espectros de duas excitações (2PA) das purinas push-pull estudadas apresentam um deslocamento para o vermelho (redshift) em relação à 2-aminopurina (2AP) devido ao aumento do comprimento de conjugação e ao forte caráter dipolar dos grupos push-pull presentes nesses compostos (2020_Two-Photon Emissive Dyes Based on Push−Pull Purines Derivatives.pdf).

A relevância desse deslocamento para aplicações terapêuticas é significativa, pois o redshift em comparação com a 2AP é uma vantagem importante para essas aplicações (2020_Two-Photon Emissive Dyes Based on Push−Pull Purines Derivatives.pdf). Além disso, as bandas das purinas derivadas são centradas em 700–800 nm, o que se encaixa em uma janela terapêutica atraente, enquanto as bandas da 2AP estão centradas aproximadamente entre 600 e 650 nm (2020_Two-Photon Emissive Dyes Based on Push−Pull Purines Derivatives.pdf).",20,1.0,1.0,1.0,1.0,"A resposta utiliza exclusivamente informações extraídas dos trechos recuperados, sem introduzir dados externos ou inferências não suportadas.","A resposta aborda completamente ambas as partes da pergunta: a causa do redshift e a relevância para aplicações biomédicas, fornecendo detalhes específicos encontrados no contexto.",Todos os trechos recuperados fornecem informações diretamente relacionadas à pergunta sobre o redshift dos espectros de 2PA das purinas push-pull e sua relevância.,"O contexto recuperado contém todas as informações necessárias para responder integralmente à pergunta, incluindo a explicação do redshift e a menção à janela terapêutica."
2020_Two-Photon Emissive Dyes Based on Push−Pull Purines Derivatives.pdf,[Seção II.2 - Brightness / Fig. 4],O que é o parâmetro brilho (brightness) utilizado no artigo como ele foi calculado e qual composto apresentou o maior valor de brilho a 560 nm?,O brilho é definido como o produto do rendimento quântico de fluorescência (φf) pela seção transversal de absorção de dois fótons (σ2PA) em um comprimento de onda específico: brilho = φf × σ2PA(λ). No estudo o brilho foi avaliado em 560 nm e 780 nm. O composto 3c apresentou o maior valor de brilho a 560 nm com 92 GM.,"O parâmetro brilho (brightness) é calculado através do produto entre a seção transversal de dois fótons (2 PA cross-section) em um determinado comprimento de onda de excitação e o rendimento quântico de fluorescência. Essa medida é utilizada para estimar o brilho dos compostos estudados [2020_Two-Photon Emissive Dyes Based on Push−Pull Purines Derivatives.pdf].

Para avaliar o brilho, foram selecionados os comprimentos de onda de 560 nm e 780 nm. Observou-se que a excitação com o comprimento de onda mais curto (560 nm) resultou em valores de brilho mais elevados em comparação com a excitação em comprimento de onda mais longo (780 nm). No entanto, a excitação em comprimento de onda mais longo é considerada mais favorável para aplicações em bioimagem [2020_Two-Photon Emissive Dyes Based on Push−Pull Purines Derivatives.pdf].

Não encontrei essa informação nos trechos recuperados qual composto apresentou o maior valor de brilho a 560 nm.",20,1.0,0.7,1.0,0.5,A resposta utiliza apenas informações presentes nos trechos recuperados e na resposta correta.,"A resposta explica o que é o parâmetro brilho e como ele é calculado, mas falha em identificar qual composto apresentou o maior valor a 560 nm, declarando que a informação não foi encontrada.","Todos os trechos recuperados abordam a definição de brilho, os comprimentos de onda utilizados para sua avaliação e a relação entre brilho e bioimagem.","O contexto contém a definição de brilho e os comprimentos de onda de avaliação, mas não menciona explicitamente qual composto apresentou o maior valor a 560 nm."
2020_Two-Photon Emissive Dyes Based on Push−Pull Purines Derivatives.pdf,[Seção II.2 - Linear Optical Measurements / Lippert-Mataga e raio cúbico],Como o momento de dipolo elétrico permanente (Δμ₀₁) foi estimado nos compostos estudados e como o raio cúbico molecular (a³) foi determinado?,O momento de dipolo permanente Δμ₀₁ foi estimado aplicando a equação de Lippert-Mataga às medidas de solvatocromismo em seis solventes (acetona etanol metanol DCM DMSO e tolueno). O raio cúbico molecular a³ foi determinado assumindo que cada estrutura molecular ocupa um volume esférico (Vol = 4πa³/3) e aplicando a equação de difusão de Smoluchowski-Einstein; adicionalmente foi calculado usando o pacote Gaussian 16.,"O momento de dipolo elétrico permanente (Δμ₀₁) foi estimado aplicando a equação de Lippert-Mataga (Trecho 3), utilizando parâmetros físicos adquiridos e calculados com medições ópticas lineares (Trecho 3). Além disso, o Δμ₀₁ foi determinado experimentalmente através de 1 PA (transição de um fóton) e solvatocromismo (Trecho 13).

O raio cúbico molecular (a³) foi determinado assumindo que cada estrutura molecular ocupa um volume esférico (Vol = 4πa³). Utilizando a equação de difusão de Smoluchowski-Einstein, os valores de a³ foram obtidos em unidades de Angstroms, com estimativas em torno de 250-300 Å³ para todas as estruturas moleculares. O raio cúbico também foi calculado usando o pacote de programas Gaussian 16, apresentando boa concordância com os valores derivados experimentalmente (Trecho 1).",20,1.0,1.0,1.0,1.0,A resposta utiliza exclusivamente informações presentes nos trechos de contexto fornecidos.,A resposta aborda de forma completa e precisa ambas as partes da pergunta sobre a estimação do momento de dipolo e a determinação do raio cúbico molecular.,Todos os trechos citados contêm informações diretamente relacionadas à estimação do momento de dipolo e à determinação do raio cúbico molecular.,O contexto fornecido contém todas as informações necessárias para responder integralmente à pergunta e construir a resposta modelo.
